name,description,location,address,phone,email,website,image_url,verified,price_range,status,badge,owner_id,slug,lat,lng,source,source_id,owner_verified,owner_verification_requested_at,owner_verification_method,owner_verification_notes,primary_category_slug,category_raw,hours,last_activity_at,primary_subcategory_label,primary_subcategory_slug,is_system,is_hidden,owner_verified_at,rejection_reason,approved_at,approved_by,is_chain,normalized_name,rejected_at,rejected_by
V&A Waterfront,"The V&A Waterfront in Cape Town, South Africa is a bustling mixed-use destination built around the oldest working harbour in the Southern Hemisphere, with iconic Table Mountain as its dramatic backdrop. It’s one of Africa’s most visited attractions, known for its shopping, dining, entertainment, hotels, museums, and leisure activities — all set along scenic harbourside walkways overlooking the sea and mountains.",de waterkant,,214087600,info@waterfront.co.za,https://www.waterfront.co.za/,,false,$$,active,,,,,,newBusinessData.xlsx,v-a-waterfront,false,,,,shopping-lifestyle,Shopping &lifestyle,"{""raw"": ""Makers Landing: 10AM – 6PM (Wed-Sun) Mon – Sun: Select Vendors Open\nCommercial Kitchen Spaces: Open 24/7 OZCF Market: 4PM – 9pm (Wed),\n8AM – 2PM (Sat),\n8:30AM – 2PM (Sun) Watershed: 10AM – 7PM (Mon-Sun) Battery Park: 9AM – 6PM (Mon-Sun), Victoria Wharf: 9AM – 9PM (Mon-Sun) The Alfred: 10AM – 7PM (Mon-Sun) Union Castle Building: 9AM – 9PM (Mon-Sun)"", ""friendly"": null}",,Fashion & Clothing,fashion,false,false,,,,,false,,,
Table Mountain Aerial Cableway,"The Table Mountain Aerial Cableway is a popular cable car attraction in Cape Town that transports visitors from the lower slopes of Table Mountain to its flat-topped summit in about five minutes. Featuring rotating cabins that provide 360-degree views, the ride offers spectacular panoramas of the city, coastline, and surrounding mountains. It’s one of South Africa’s most iconic and visited experiences.",table mountain (nature reserve),"5821 Tafelberg Rd, Cape town, 8001",214240015,info@tablemountain.net,https://www.tablemountain.net/talk-to-us,,false,$$,active,,,,,,newBusinessData.xlsx,table-mountain-aerial-cableway,false,,,,outdoors-adventure,Outdoors and adventure,"{""raw"": ""First up 08:00 Last up 19:00 Last down 20:00"", ""friendly"": null}",,Hiking,hiking,false,false,,,,,false,,,
Zeitz MOCAA,"The Zeitz Museum of Contemporary Art Africa (Zeitz MOCAA) is a world-class museum dedicated to contemporary art from Africa and its diaspora. Located at the V&A Waterfront in a strikingly redesigned historic grain silo, the museum features cutting-edge exhibitions across multiple floors, showcasing painting, sculpture, photography, and multimedia works. It is the largest museum of contemporary African art in the world and a major cultural landmark in Cape Town.",de waterkant,"S Arm rd, Victoria & Alfred waterfront, cape town, 8001",873504777,info@zeitzmochaa.museum,https://zeitzmocaa.museum/?v=959848ca10cc,,false,$$,active,,,,,,newBusinessData.xlsx,zeitz-mocaa,false,,,,arts-culture,Arts and culture,"{""raw"": ""Monday-Sunday 10am-6pm"", ""friendly"": null}",,Museums,museums,false,false,,,,,false,,,
Two Oceans Aquarium,"The Two Oceans Aquarium is a family-friendly marine attraction located at the V&A Waterfront in Cape Town. It showcases the rich marine life found where the Atlantic and Indian Oceans meet, featuring exhibits such as a giant ocean tank, a living kelp forest, and interactive touch pools. The aquarium is known for its conservation efforts and offers an immersive experience highlighting South Africa’s diverse underwater ecosystems.",de waterkant,"Dock Road, V&A Waterfront Cape Town",(0)21 418 3823,aquarium@aquarium.co.za,https://www.aquarium.co.za/,,false,$$,active,,,,,,newBusinessData.xlsx,two-oceans-aquarium,false,,,,experiences-entertainment,Entertainment and experiences,"{""raw"": ""09h30 to 18h00, 7 days a week"", ""friendly"": null}",,Sports & Recreation,sports-recreation,false,false,,,,,false,,,
Kirstenbosch National Botanical Garden,"The Kirstenbosch National Botanical Garden is a world-renowned botanical garden nestled on the eastern slopes of Table Mountain in Cape Town. Celebrated for its stunning landscapes and diverse collection of indigenous South African plants, it features scenic walking trails, the famous Boomslang canopy walkway, and seasonal open-air concerts. Kirstenbosch is considered one of the most beautiful botanical gardens in the world and a must-visit natural attraction in the city.",newlands,"Rhodes dr, newlands, cape town",021 799 8783 / 021 799 8773,KirstenboschInfo@sanbi.org.za,https://www.sanbi.org/gardens/kirstenbosch/,,false,$$,active,,,,,,newBusinessData.xlsx,kirstenbosch-national-botanical-garden,false,,,,outdoors-adventure,Outdoors and adventure,"{""raw"": ""The garden is open every day from 08h00 to 19h00 during summer (Sep-Mar), 08h00 to 18h00 during winter (Apr-Aug) The Conservatory is open every day from 09h00 to 17h00. The Curator’s Office is open Monday to Friday only, from 07h30-16h20, except on public holidays."", ""friendly"": null}",,Hiking,hiking,false,false,,,,,false,,,
Robben Island Museum Tours,"The Robben Island Museum is a historic site and museum located on Robben Island, just off the coast of Cape Town. Once used as a prison during apartheid, it is most famous for holding Nelson Mandela for 18 years. Today, it is a UNESCO World Heritage Site where visitors can tour the former prison, see Mandela’s cell, and learn about South Africa’s journey to freedom through guided tours often led by former political prisoners.",de waterkant,"V&A Waterfront, cape town",214134200,infow@robben-island.org.za,https://www.robben-island.org.za/,,false,$$,active,,,,,,newBusinessData.xlsx,robben-island-museum-tours,false,,,,arts-culture,Arts and culture,"{""raw"": ""Monday to Sunday - 08:00 to 17:00"", ""friendly"": null}",,Museums,museums,false,false,,,,,false,,,
Cape Point Nature Reserve,"The Cape Point Nature Reserve is a dramatic coastal conservation area located at the southern tip of the Cape Peninsula within the Table Mountain National Park. Known for its towering sea cliffs, rugged landscapes, and diverse wildlife, it offers scenic hiking trails, pristine beaches, and panoramic ocean views. Visitors can explore the historic lighthouse and experience the iconic meeting point of the Atlantic and Indian Oceans near the Cape of Good Hope.",simon's town,"Cape Peninsula, Simon's Town, 7995, South Africa",217809010,info@capepoint.co.za,https://capepoint.co.za/,,false,$$,active,,,,,,newBusinessData.xlsx,cape-point-nature-reserve,false,,,,outdoors-adventure,Outdoors and adventure,"{""raw"": ""April-Sptember 7am-5pm October-March 6am-6pm"", ""friendly"": null}",,Hiking,hiking,false,false,,,,,false,,,
Boulders Beach Penguin Colony,"The Boulders Beach Penguin Colony is a protected beach area near Simon’s Town, just outside Cape Town, famous for its colony of endangered African penguins. Part of Table Mountain National Park, the site features wooden boardwalks that allow visitors to observe the penguins up close in their natural habitat, surrounded by large granite boulders and clear turquoise waters. It is one of the few places in the world where you can see penguins living on a beach.",simon's town,simon's town cape town,(0)21 786 2329,reservations@sanparks.org,https://www.sanparks.org/parks/table-mountain/what-to-do/attractions/boulders-penguin-colony,,false,$$,active,,,,,,newBusinessData.xlsx,boulders-beach-penguin-colony,false,,,,outdoors-adventure,Outdoors and adventure,,,Sports & Recreation,sports-recreation,false,false,,,,,false,,,
Camps Bay Beach,"The Camps Bay Beach is one of Cape Town’s most popular and scenic beaches, known for its white sand, clear Atlantic waters, and stunning backdrop of the Twelve Apostles mountain range. Lined with palm trees, cafés, and stylish restaurants, it’s a favourite spot for sunbathing, sunset views, and vibrant beachfront dining.",camps bay,"victoria road, camps bay",214394332,,https://www.capetown.gov.za/Family%20and%20home/see-all-city-facilities/our-recreational-facilities/Beaches/Camps%20Bay%20Beach,,false,$$,active,,,,,,newBusinessData.xlsx,camps-bay-beach,false,,,,outdoors-adventure,Outdoors and adventure,,,Water Sports,water-sports,false,false,,,,,false,,,
Clifton 4th Beach,"The Clifton 4th Beach is one of Cape Town’s most exclusive and picturesque beaches, famous for its soft white sand, turquoise waters, and sheltered setting between large granite boulders. Popular for sunbathing and swimming, it offers a quieter, more protected atmosphere compared to nearby beaches and is especially beautiful at sunset.",clifton,"victoria road, clifton",214394332,,https://www.capetown.gov.za/Family%20and%20home/See-all-city-facilities/Our-recreational-facilities/Beaches/Clifton-4th-Beach,,false,$$,active,,,,,,newBusinessData.xlsx,clifton-4th-beach,false,,,,outdoors-adventure,Outdoors and adventure,,,Water Sports,water-sports,false,false,,,,,false,,,
Sea Point Promenade,"The Sea Point Promenade is a vibrant, scenic oceanfront walkway stretching along Cape Town’s Atlantic coastline. Popular with walkers, joggers, and cyclists, it offers panoramic sea views, landscaped gardens, public art, and outdoor fitness areas. The promenade is a favourite spot for both locals and tourists to enjoy sunrise or sunset strolls and the refreshing ocean breeze.",sea point,,,,,,false,$$,active,,,,,,newBusinessData.xlsx,sea-point-promenade,false,,,,outdoors-adventure,Outdoors and adventure,,,Cycling,cycling,false,false,,,,,false,,,
Chapman’s Peak Drive,"Chapman's Peak Drive is a world-famous scenic coastal road that winds along the cliffs between Hout Bay and Noordhoek. Renowned for its breathtaking ocean vistas, dramatic cliffs, and winding curves, the drive offers multiple viewpoints for photography, picnics, and sunset watching. It’s considered one of the most spectacular coastal drives in the world.",chapman's peak,,,,,,false,$$,active,,,,,,newBusinessData.xlsx,chapman-s-peak-drive,false,,,,outdoors-adventure,Outdoors and adventure,,,Hiking,hiking,false,false,,,,,false,,,
DHL Stadium,"The DHL Stadium, formerly known as Newlands Stadium, is a historic sports venue in Cape Town primarily used for rugby and cricket. Renowned as one of the oldest rugby stadiums in the world, it has a passionate fan atmosphere and hosts major domestic and international matches, offering views of the surrounding Table Mountain",greenpoint,"Fritz Sonnenberg Road, greenpoint, cape town",214170111,,https://dhlstadium.co.za/,,false,$$,active,,,,,,newBusinessData.xlsx,dhl-stadium,false,,,,experiences-entertainment,Entertainment and experiences,,,Sports & Recreation,sports-recreation,false,false,,,,,false,,,
Artscape Theatre Centre,"The Artscape Theatre Centre is Cape Town’s premier performing arts venue, hosting a wide range of productions including theatre, ballet, opera, and concerts. Located in the city centre, the theatre features modern facilities, a large auditorium, and state-of-the-art acoustics, making it a key cultural hub for both local and international performances.",Foreshore,"D.F. Malan street, foreshore, cape town",214109800,artscape@artscape.co.za,https://www.artscape.co.za/,,false,$$,active,,,,,,newBusinessData.xlsx,artscape-theatre-centre,false,,,,arts-culture,Arts and culture,,,Theatres,theaters,false,false,,,,,false,,,
Baxter Theatre Centre,"The Baxter Theatre Centre is a renowned cultural venue in Cape Town, known for presenting contemporary theatre, music, and dance performances. Situated in the suburb of Rondebosch, it combines a main theatre and studio spaces, supporting both professional productions and emerging local artists, making it a vibrant hub for performing arts in the city.",rondebosch,"Main road, rondebosch, cape town",216857880,,https://baxter.uct.ac.za/,,false,$$,active,,,,,,newBusinessData.xlsx,baxter-theatre-centre,false,,,,arts-culture,Arts and culture,,,Theatres,theaters,false,false,,,,,false,,,
Canal Walk Shopping Centre,"The Canal Walk Shopping Centre is one of the largest and most popular shopping malls in Cape Town. Located in the suburb of Century City, it features a wide range of local and international retail stores, a large food court, entertainment options, and ample parking, making it a prime destination for shopping, dining, and leisure activities.",century city,"490 century blvd, century city, cape town",(021) 529 9699,,https://canalwalk.co.za/,,false,$$,active,,,,,,newBusinessData.xlsx,canal-walk-shopping-centre,false,,,,shopping-lifestyle,Shopping &lifestyle,"{""raw"": ""Monday-Sunday 9am-9pm"", ""friendly"": null}",,Fashion & Clothing,fashion,false,false,,,,,false,,,
Old Biscuit Mill,"The Old Biscuit Mill is a vibrant market and creative hub located in Woodstock, Cape Town. Housed in a renovated industrial building, it is famous for its weekend food market, artisanal products, local crafts, and design shops. The space also hosts events, exhibitions, and pop-up markets, making it a lively destination for food lovers, artists, and culture enthusiasts.",woodstock,"The Old Biscuit Mill 373-375 Albert Road, Woodstock, Cape Town.",214478194,info@theoldbiscuitmill.co.za,https://theoldbiscuitmill.co.za/,,false,$$,active,,,,,,newBusinessData.xlsx,old-biscuit-mill,false,,,,shopping-lifestyle,Shopping &lifestyle,"{""raw"": ""Monday – Friday 10:00 – 16:00 Saturday – 09:00 – 16:00 Sunday - 10:00 - 14:00"", ""friendly"": null}",,Fashion & Clothing,fashion,false,false,,,,,false,,,
Neighbourgoods Market (Woodstock),"The Neighbourgoods Market is a popular weekend market held at the Old Biscuit Mill in Woodstock, Cape Town. It features a wide array of fresh produce, gourmet foods, artisanal products, and craft beverages. Known for its lively atmosphere, live music, and vibrant community vibe, it’s a favourite destination for locals and tourists seeking quality food and unique shopping experiences.",woodstock,"373-375 Albert Road, woodstock, Cape Town",795804676,info@neighbourgoodsmarket.co.za,https://www.neighbourgoodsmarket.co.za/,,false,$$,active,,,,,,newBusinessData.xlsx,neighbourgoods-market-woodstock,false,,,,shopping-lifestyle,Shopping &lifestyle,"{""raw"": ""Saturday 9am -7pm Sunday 10am-5pm"", ""friendly"": null}",,Fashion & Clothing,fashion,false,false,,,,,false,,,
Oranjezicht City Farm Market,"The Oranjezicht City Farmers' Market is a weekly market located at Granger Bay near the base of Table Mountain in Cape Town. It focuses on fresh, locally sourced produce, artisanal foods, and sustainable products. The market is celebrated for its community atmosphere, healthy eating options, and support of local farmers and small businesses.",de waterkant,"Cnr Granger Bay Boulevard and Dock Rd, V&A Waterfront, Cape town",836283426,market@ozcf.co.za,https://ozcf.co.za/ozcfmarket/,,false,$$,active,,,,,,newBusinessData.xlsx,oranjezicht-city-farm-market,false,,,,shopping-lifestyle,Shopping &lifestyle,"{""raw"": ""Saturday 08:00 - 14:30 Sunday 08:30 - 14:30 Wednesday Night Market 16:00 - 21:30"", ""friendly"": null}",,Fashion & Clothing,fashion,false,false,,,,,false,,,
MOJO Market,"The Mojo Market is a lively indoor market and dining destination located in Sea Point, Cape Town. It features a variety of food stalls, craft beverages, retail shops, and live entertainment. Known for its vibrant atmosphere, Mojo Market is a popular spot for locals and tourists to enjoy casual dining, artisanal products, and social gatherings.",Sea point,"30 Regent Road, Sea Point, Cape Town",,admin1@freedomproperties.co.za,https://www.mojomarket.co.za/,,false,$$,active,,,,,,newBusinessData.xlsx,mojo-market,false,,,,shopping-lifestyle,Shopping &lifestyle,"{""raw"": ""Coffee & Breakfast open daily from 8am Food Stalls & Bars:Sun - Thurs 11am-10pm Fri - Sat 11am-11pm"", ""friendly"": null}",,Fashion & Clothing,fashion,false,false,,,,,false,,,
Bay Harbour Market (Hout Bay),"The Bay Harbour Market is a bustling weekend market located in Hout Bay, Cape Town. It offers a mix of artisanal foods, crafts, fashion, and live music, creating a vibrant and lively atmosphere. The market is popular for its diverse culinary offerings, local art, and community vibe, making it a favourite destination for both locals and visitors.",houtbay,"31 Harbour Road, Houtbay, cape town",843705715,info@bayharbour.co.za,https://www.bayharbour.co.za/,,false,$$,active,,,,,,newBusinessData.xlsx,bay-harbour-market-hout-bay,false,,,,shopping-lifestyle,Shopping &lifestyle,"{""raw"": ""Friday: 9:30 am – 9pm Wednesday, Thursday, Saturday & Sunday: 9.30am – 5pm"", ""friendly"": null}",,Fashion & Clothing,fashion,false,false,,,,,false,,,
Woodstock Exchange,"The The Woodstock Exchange is a creative hub in the Woodstock district of Cape Town. Housed in a renovated industrial building, it features boutique shops, design studios, artisanal retailers, cafés, and event spaces. The Woodstock Exchange is known for fostering local creativity and innovation, making it a vibrant destination for shopping, dining, and cultural experiences.",woodstock,"66 Albert Road, woodstock, cape town",,info@woodstockexchange.co.za,https://www.woodstockexchange.co.za/about,,false,$$,active,,,,,,newBusinessData.xlsx,woodstock-exchange,false,,,,shopping-lifestyle,Shopping &lifestyle,"{""raw"": ""Monday - Sunday 8am-5pm"", ""friendly"": null}",,Fashion & Clothing,fashion,false,false,,,,,false,,,
Woodstock Foundry,"The Woodstock Foundry is a contemporary creative and retail space in Woodstock, Cape Town. Set in a converted industrial building, it houses art studios, design shops, artisanal stores, and cafés. The venue is a hub for local artists and makers, offering visitors a unique blend of shopping, dining, and cultural experiences in a vibrant, urban setting.",woodstock,"150-170 Albert Road, woodstock, cape town",214220466,woodstockfoundry@capeld.co.za,http://www.woodstockfoundry.co.za/,,false,$$,active,,,,,,newBusinessData.xlsx,woodstock-foundry,false,,,,shopping-lifestyle,Shopping &lifestyle,"{""raw"": ""something wrong with website"", ""friendly"": null}",,Fashion & Clothing,fashion,false,false,,,,,false,,,
Greenmarket Square Market,"The Greenmarket Square Market is a historic outdoor market located in the heart of Cape Town’s city centre. Famous for its vibrant stalls selling crafts, souvenirs, jewelry, and artwork, it has been a hub for local traders and artisans for centuries. The market offers a lively atmosphere and is a popular spot for tourists looking to experience Cape Town’s culture and pick up unique, handcrafted items.",Cape Town,,,,,,false,$$,active,,,,,,newBusinessData.xlsx,greenmarket-square-market,false,,,,shopping-lifestyle,Shopping &lifestyle,,,Fashion & Clothing,fashion,false,false,,,,,false,,,
Merchants on Long,"The Merchants on Long is a stylish retail and dining destination located on Long Street in Cape Town’s city centre. Housed in a historic building, it features boutique shops, artisanal food outlets, and cafés, blending contemporary design with heritage architecture. It’s popular for its vibrant atmosphere, curated shopping, and social spaces.",cape town city centre,"34 long street, cape town",214222828,info@merchantsonlong.com,https://www.merchantsonlong.co.za/,,false,$$,active,,,,,,newBusinessData.xlsx,merchants-on-long,false,,,,shopping-lifestyle,Shopping &lifestyle,"{""raw"": ""Moday-Friday 9am-6pm Saturday 9am-4pm Sunday closed"", ""friendly"": null}",,Fashion & Clothing,fashion,false,false,,,,,false,,,
AKJP Concept Store,"The AKJP Concept Store is a contemporary retail space in Cape Town showcasing a curated selection of fashion, lifestyle, and design products. Known for supporting local designers and emerging brands, the store blends innovative design with unique, high-quality merchandise, offering visitors a stylish and modern shopping experience.",gardens,"73 Kloof street, gardens, cape town",794909492,info@akjpstudio.com,https://www.akjpstudio.com/pages/info,,false,$$,active,,,,,,newBusinessData.xlsx,akjp-concept-store,false,,,,shopping-lifestyle,Shopping &lifestyle,,,Fashion & Clothing,fashion,false,false,,,,,false,,,
Pichulik Jewellery Atelier,"The Pichulik Jewellery Atelier is a boutique studio and flagship store in Cape Town, known for its distinctive, handcrafted jewelry. Celebrated for bold, sculptural designs inspired by African heritage and contemporary aesthetics, Pichulik creates pieces that blend artistry, cultural storytelling, and modern craftsmanship. The atelier offers visitors a chance to explore collections, custom pieces, and the brand’s unique creative process.",cape town city centre,"8 Watson Street (just off of Bree Street), cape town",721049544,info@pichulik.com,,,false,$$,active,,,,,,newBusinessData.xlsx,pichulik-jewellery-atelier,false,,,,shopping-lifestyle,Shopping &lifestyle,"{""raw"": ""Monday - Thursday: 9am - 4pm Friday: 9am - 3pm Saturday/ Sunday/ Public Holidays: Closed"", ""friendly"": null}",,Fashion & Clothing,fashion,false,false,,,,,false,,,
Truth Coffee Roasting,"The Truth Coffee Roasting is a renowned specialty coffee shop and roastery located in Cape Town’s city centre. Famous for its artisanal coffee, steampunk-inspired interior, and commitment to quality roasting, it offers a unique café experience. Truth Coffee is celebrated both locally and internationally for its innovative brewing techniques, carefully sourced beans, and vibrant café atmosphere.",cape town city centre,"36 Buitekant street, cape town",212017000,needbeans@truthcoffee.com,https://za.truth.coffee/,,false,$$,active,,,,,,newBusinessData.xlsx,truth-coffee-roasting,false,,,,food-drink,food and drink,"{""raw"": ""Mon: 06:30  – 18:00 Tues-Fri: 06:30 – 22:00 Sat: 08:00  – 22:00 Sun: 08:00 – 16:00"", ""friendly"": null}",,Cafes & Coffee,cafes,false,false,,,,,false,,,
Rosetta Roastery,"The Rosetta Roastery is a specialty coffee roastery and café located in Cape Town. Known for its carefully sourced beans, precision roasting, and artisanal brewing methods, Rosetta Roastery offers a refined coffee experience. It emphasizes quality, sustainability, and craftsmanship, attracting coffee enthusiasts seeking expertly prepared espresso and filter coffees.",cape town city centre,"97 Bree st, Corner of Bree & Shortmarket st, Cape Town",21 447 4099,info@rosettaroastery.com,https://www.rosettaroastery.com/?srsltid=AfmBOoqI7jg8VLbOJnJdA9aJ9teEUWvqaNrET1ShxygLlZFd72lsL2le,,false,$$,active,,,,,,newBusinessData.xlsx,rosetta-roastery,false,,,,food-drink,food and drink,"{""raw"": ""Mon - Fri: 7 am - 4 pm Sat: 8 am - 4 pm Sun & Public Holidays: 8 am - 2 pm"", ""friendly"": null}",,Cafes & Coffee,cafes,false,false,,,,,false,,,
Origin Coffee Roasting,"The Origin Coffee Roasting is a specialty coffee roastery and café in Cape Town, celebrated for its high-quality, ethically sourced beans and artisanal roasting techniques. It focuses on precision brewing, from espresso to pour-over, offering a refined coffee experience. Origin Coffee Roasting is popular among coffee aficionados for its dedication to flavor, craftsmanship, and sustainable sourcing.",de waterkant,"28 Hudson Street, De Waterkant, cape town",021 421 1000,info@originroasting.co.za,https://originroasting.co.za/?srsltid=AfmBOor__TnfjSNadALQnX-8GePEit8M3JGm_GkrKIJEYjfk8LruftCR,,false,$$,active,,,,,,newBusinessData.xlsx,origin-coffee-roasting,false,,,,food-drink,food and drink,"{""raw"": ""Monday-Friday: 07:00-16:00 Saturday-Sunday: 08:00-15:00 Weekends & Public Holidays: 08:00-15:00"", ""friendly"": null}",,Cafes & Coffee,cafes,false,false,,,,,false,,,
Ground Art Caffe,"The Ground Art Caffe is a trendy café in Cape Town known for its specialty coffee, artisanal beverages, and relaxed, creative atmosphere. It combines high-quality coffee brewing with a focus on artful presentation and a welcoming space, making it a popular spot for locals and visitors to enjoy coffee, light meals, and a casual social environment.",bo kaap,160 Strand street cape town,214181331,info@groundartcaffe.co.za,https://www.groundartcaffe.co.za/,,false,$$,active,,,,,,newBusinessData.xlsx,ground-art-caffe,false,,,,food-drink,food and drink,,,Cafes & Coffee,cafes,false,false,,,,,false,,,
The Ladder on Bree,"The The Ladder on Bree is a contemporary café and lifestyle spot located on Bree Street in Cape Town. Known for its specialty coffee, artisanal food offerings, and stylish, inviting interior, it serves as a social hub for locals and visitors. The venue emphasizes quality, creativity, and a relaxed atmosphere, making it a popular destination for dining and casual gatherings.",cape town city centre,"136 Bree St, Cape Town City Centre, Cape Town, 8001",824511572,theladderon136@gmail.com,https://www.theladderon136.com/,,false,$$,active,,,,,,newBusinessData.xlsx,the-ladder-on-bree,false,,,,food-drink,food and drink,"{""raw"": ""Monday-Friday 07:00-16:00 Saturday 08:00-14:00"", ""friendly"": null}",,Cafes & Coffee,cafes,false,false,,,,,false,,,
Jason Bakery,"The Jason Bakery is a popular artisanal bakery and café in Cape Town, celebrated for its freshly baked breads, pastries, and specialty coffee. Known for high-quality ingredients, innovative flavors, and a casual, inviting atmosphere, it attracts both locals and tourists looking for a relaxed spot to enjoy breakfast, brunch, or a coffee break.",greenpoint,"83 Main Road, Green Point, Cape Town",214330538,,https://jasonbakery.com/,,false,$$,active,,,,,,newBusinessData.xlsx,jason-bakery,false,,,,food-drink,food and drink,"{""raw"": ""Monday to Saturday: 7am to 3pm Sunday: 8am to 2pm"", ""friendly"": null}",,Cafes & Coffee,cafes,false,false,,,,,false,,,
Kleinsky’s,"The Kleinsky's is a well-known bakery and café in Cape Town, famed for its freshly baked breads, pastries, and artisanal coffee. Praised for its quality ingredients and traditional baking techniques, Kleinsky's offers a cozy and inviting atmosphere, making it a favourite destination for breakfast, brunch, or a casual coffee stop.",sea point,"92 Regent street, Sea point, Cape Town",214332871,info@kleinskys.co.za,https://www.kleinskys.co.za/?srsltid=AfmBOooXrZwS_Zkary0i1cONr-DJeOj46lSr9BVWkSj8gYDl9w8wPmoO,,false,$$,active,,,,,,newBusinessData.xlsx,kleinsky-s,false,,,,food-drink,food and drink,"{""raw"": ""MON - SUN 8:00AM - 5:00PM"", ""friendly"": null}",,Cafes & Coffee,cafes,false,false,,,,,false,,,
Starlings Café,"The Starlings Café is a charming café in Cape Town known for its specialty coffee, fresh pastries, and relaxed, welcoming atmosphere. It emphasizes quality ingredients and artisanal preparation, making it a popular spot for breakfast, brunch, or casual coffee breaks among locals and visitors alike.",Cape Town,,720510491,,https://www.starlings.co.za/,,false,$$,active,,,,,,newBusinessData.xlsx,starlings-caf,false,,,,food-drink,food and drink,,,Cafes & Coffee,cafes,false,false,,,,,false,,,
Bootlegger Coffee (Sea Point point mall),"The Bootlegger Coffee Company is a popular café and coffee roastery in Cape Town, renowned for its specialty coffee, casual atmosphere, and high-quality espresso and filter coffee offerings. With multiple locations across the city, Bootlegger combines artisanal coffee with freshly prepared meals and pastries, making it a favourite spot for both locals and tourists seeking a relaxed café experience.",sea point,"The Point Mall, 76 Regent Road, Sea Point, Cape Town",214332000,pointmall@bootlegger.co.za,https://ourcafes.bootlegger.coffee/FoodDrink-CapeTown-BootleggerThePointMall,,false,$$,active,,,,,,newBusinessData.xlsx,bootlegger-coffee-sea-point-point-mall,false,,,,food-drink,food and drink,"{""raw"": ""Monday-Friday 6;30-5pm Saturday and Sunday 7am-3pm"", ""friendly"": null}",,Cafes & Coffee,cafes,false,false,,,,,false,,,
Yours Truly (Kloof Street),"The Yours Truly Kloof Street is a stylish café and restaurant in Cape Town’s Kloof Street district. Known for its artisanal coffee, gourmet breakfast and brunch offerings, and elegant yet relaxed ambiance, it provides a popular spot for both locals and visitors to enjoy high-quality food and beverages in a welcoming, contemporary setting.",gardens,"73 Kloof St, Gardens, Cape Town,",214262505,info@allyoursco.com,https://www.allyoursco.com/yours-truly,,false,$$,active,,,,,,newBusinessData.xlsx,yours-truly-kloof-street,false,,,,food-drink,food and drink,"{""raw"": ""Monday - Sunday 07:00-00:00"", ""friendly"": null}",,Cafes & Coffee,cafes,false,false,,,,,false,,,
La Colombe (waterfront),"The La Colombe is a world-renowned fine-dining restaurant located in Cape Town. Celebrated for its innovative contemporary cuisine, exceptional service, and elegant setting, La Colombe consistently ranks among South Africa’s top restaurants. It offers creative tasting menus that blend global flavors with local ingredients, making it a destination for gourmet food enthusiasts.",de waterkant,"V&A Waterfront, cape town",218796328,,https://www.lacolombe.restaurant/,,false,$$,active,,,,,,newBusinessData.xlsx,la-colombe-waterfront,false,,,,food-drink,food and drink,,,Restaurants,restaurants,false,false,,,,,false,,,
The Pot Luck Club,"The The Pot Luck Club is a modern, fine-dining restaurant located in the Old Biscuit Mill in Woodstock, Cape Town. Known for its innovative small-plate sharing concept, it offers bold, globally inspired flavors and artful presentations. The Pot Luck Club is celebrated for its vibrant atmosphere, panoramic views of the city, and inventive culinary experiences.",woodstock,"Silo Top Floor, the old biscuit mill, 373-375 Albert Road, woodstock",214470804,hello@potluckclub.co.za,https://thepotluckclub.co.za/home/,,false,$$,active,,,,,,newBusinessData.xlsx,the-pot-luck-club,false,,,,food-drink,food and drink,,,Restaurants,restaurants,false,false,,,,,false,,,
Belly of the Beast,"The Belly of the Beast is a popular butcher shop and restaurant in Cape Town known for its high-quality, locally sourced meats and house-made charcuterie. It emphasizes artisanal butchery, sustainability, and bold flavors, offering both retail cuts and cooked dishes. The venue has gained a reputation for creative meat-focused dining and exceptional quality in a casual yet stylish setting.",district six,110 Harrington street cape town,762205458,eat@bellyofthebeast.co.za,https://bellyofthebeast.co.za/?srsltid=AfmBOoo4il5KvXPsCXdqlKJ2zmI3-Ah_UpNZRKvOEprmXW6wArzBHH4x,,false,$$,active,,,,,,newBusinessData.xlsx,belly-of-the-beast,false,,,,food-drink,food and drink,"{""raw"": ""Lunch: 12:30pm Tuesday to Saturday Dinner: 18:45 Monday to Saturday"", ""friendly"": null}",,Restaurants,restaurants,false,false,,,,,false,,,
Utopia Cape Town,"The Utopia Cape Town is a rooftop restaurant and lounge located in Cape Town’s city centre. Known for its modern design, panoramic views of Table Mountain and the city, and vibrant atmosphere, Utopia offers a mix of contemporary cuisine, cocktails, and entertainment. It’s a popular spot for dining, socializing, and enjoying sunsets in a stylish urban setting.",de waterkant,"Floor 15, 40 Chiappini street, cape town",214183065,info@utopiacapetown.co.za,https://www.utopiacapetown.co.za/,,false,$$,active,,,,,,newBusinessData.xlsx,utopia-cape-town,false,,,,food-drink,food and drink,"{""raw"": ""Monday-Saturday 6:30pm-23:00 Sunday 6:30pm-10:30"", ""friendly"": null}",,Restaurants,restaurants,false,false,,,,,false,,,
Black Sheep Restaurant,"The Black Sheep Restaurant is a contemporary eatery located in the vibrant Gardens district of Cape Town. Known for its innovative, seasonal menu, relaxed yet stylish atmosphere, and focus on locally sourced ingredients, Black Sheep offers a creative dining experience that combines modern cuisine with a casual, welcoming setting.",gardens,104 Kloof street cape town,(021) 426 2661,info@blacksheeprestaurant.co.za,https://blacksheeprestaurant.co.za/,,false,$$,active,,,,,,newBusinessData.xlsx,black-sheep-restaurant,false,,,,food-drink,food and drink,"{""raw"": ""Monday from 17:00 till late. Tuesday to Saturday from 12:00 till late Sundays Closed"", ""friendly"": null}",,Restaurants,restaurants,false,false,,,,,false,,,
Kloof Street House,"The Kloof Street House is a stylish restaurant and bar located in a Victorian-era house on Kloof Street, Cape Town. Known for its eclectic décor, intimate ambiance, and inventive menu blending local and international flavors, it offers a unique dining experience. The venue is popular for both casual meals and special occasions, combining a cozy, historic setting with contemporary cuisine.",gardens,"30 kloof street, gardens, cape town",214234413,info@kloofstreethouse.co.za,https://www.kloofstreethouse.co.za/,,false,$$,active,,,,,,newBusinessData.xlsx,kloof-street-house,false,,,,food-drink,food and drink,"{""raw"": ""Mondays 11:00 till late Tuesday to Sunday 10:00 till late"", ""friendly"": null}",,Restaurants,restaurants,false,false,,,,,false,,,
Chef’s Warehouse (Bree Street),"The Chefs Warehouse Bree Street is a contemporary fine-dining restaurant in Cape Town’s Bree Street district. Famous for its small-plate tasting menus, innovative dishes, and focus on seasonal, high-quality ingredients, it offers a modern, interactive dining experience. The restaurant is celebrated for bold flavors, creative presentation, and an intimate, vibrant atmosphere.",cape town city centre,"91 bree street, cape town",217730440,91breestreet@chefswarehouse.co.za,https://www.chefswarehouse.co.za/,,false,$$,active,,,,,,newBusinessData.xlsx,chef-s-warehouse-bree-street,false,,,,food-drink,food and drink,,,Restaurants,restaurants,false,false,,,,,false,,,
Grub & Vine (bree street),"The Grub & Vine is a casual dining restaurant in Cape Town known for its relaxed atmosphere, hearty meals, and selection of wines and craft beverages. It focuses on quality, locally inspired dishes and is popular for brunch, lunch, and social gatherings, offering a welcoming spot for both locals and visitors to enjoy food and drinks in a friendly setting.",cape town city centre,103 bree street cape town,212160035,hello@grubandvine.co.za,https://grubandvine.co.za/norval/?gad_source=1&gad_campaignid=21368661004&gbraid=0AAAAAqXfRe46zONV3leAYvH0Ucm1dT61T&gclid=Cj0KCQiA7rDMBhCjARIsAGDBuEBZzTrRz8F_u5TDWjbeCGOe25ULwd1fdGImgbWApiE4Znp0Ps_ReHAaApFCEALw_wcB,,false,$$,active,,,,,,newBusinessData.xlsx,grub-vine-bree-street,false,,,,food-drink,food and drink,"{""raw"": ""Wednesday - Saturday 12:00 - 21:00 Sunday\n12:00 - 17:00"", ""friendly"": null}",,Restaurants,restaurants,false,false,,,,,false,,,
SeaBreeze Fish & Shell,"The Seabreeze Fish & Shell is a popular seafood restaurant in Cape Town, known for its fresh fish, shellfish, and coastal-inspired dishes. Offering a relaxed, casual dining atmosphere, it emphasizes locally sourced ingredients and traditional seafood preparations, making it a favourite spot for both locals and tourists seeking authentic Cape Town seafood experiences.",cape town city centre,211 Bree street cape town,747939349,hello@seabreezecapetown.co.za,https://seabreezecapetown.co.za/,,false,$$,active,,,,,,newBusinessData.xlsx,seabreeze-fish-shell,false,,,,food-drink,food and drink,"{""raw"": ""Monday to Sunday 12pm – 9:00pm"", ""friendly"": null}",,Restaurants,restaurants,false,false,,,,,false,,,
Addis in Cape Ethiopian,"The Addis in Cape Ethiopian Restaurant is an Ethiopian dining spot in Cape Town that offers traditional Ethiopian cuisine in a warm and inviting atmosphere. Known for its authentic flavors, injera-based dishes, and communal dining style, it provides a cultural culinary experience highlighting the rich tastes and traditions of Ethiopia.",cape town CBD,"168 Loop street, Cape town CBD",768460929,celebrate@addisincape.co.za,https://addisincape.co.za/?gad_source=1&gad_campaignid=22588725319&gbraid=0AAAAACmo1CH_cEJaoWIVHGW-lrvDDX53_&gclid=Cj0KCQiA7rDMBhCjARIsAGDBuEBp_lxrXOljcB1d-v_lRyfbkSd9NMiArhsj_kcNUoJh_wyDX9Xhk4caAr8LEALw_wcB#menu-block,,false,$$,active,,,,,,newBusinessData.xlsx,addis-in-cape-ethiopian,false,,,,food-drink,food and drink,"{""raw"": ""Lunch Menu: 12:00 – 15:00 Dinner Menu: 16:00 – 22:30 Closed on Sundays"", ""friendly"": null}",,Restaurants,restaurants,false,false,,,,,false,,,
Ethiopian Madam Taitou,"The Ethiopian Madam Taitou is an Ethiopian restaurant in Cape Town known for its authentic cuisine, vibrant flavors, and traditional dining experience. It specializes in injera-based dishes, stews, and vegetarian options, offering guests a genuine taste of Ethiopian culinary culture in a welcoming, culturally rich atmosphere.",Cape Town,,,,,,false,$$,active,,,,,,newBusinessData.xlsx,ethiopian-madam-taitou,false,,,,food-drink,food and drink,,,Restaurants,restaurants,false,false,,,,,false,,,
Marco’s African Place,"The Marco’s African Place is a Cape Town restaurant celebrated for its authentic African cuisine and warm, inviting atmosphere. Specializing in dishes inspired by various African culinary traditions, it offers hearty meals, traditional flavors, and a vibrant dining experience that reflects the continent’s diverse food culture.",bo kaap,"15 Rose lane, bo Kaap, cape town",214235412,marco@marcosafricanplace.com,https://www.marcosafricanplace.com/,,false,$$,active,,,,,,newBusinessData.xlsx,marco-s-african-place,false,,,,food-drink,food and drink,"{""raw"": ""Monday : 15h00 - 23h00 Tuesday - Saturday : 12h00 - 23h00 Sunday : 14h00 - 23h00 Public Holidays: 15h00 - 23h00 Closed on Christmas Day"", ""friendly"": null}",,Restaurants,restaurants,false,false,,,,,false,,,
Bo-Vine Wine & Grill,"The Bo-Vine Wine & Grill is a contemporary restaurant and wine bar in Cape Town, known for its expertly grilled meats, curated wine selection, and relaxed yet stylish atmosphere. It offers a dining experience that combines high-quality cuisine with an emphasis on pairing dishes with fine South African and international wines, making it a popular spot for food and wine enthusiasts.",camps bay,"Shop 1a, The Promenade, 87 Victoria Rd, Camps Bay, Cape Town,",212035314,bovine@cbkitchens.com,https://www.bovinegrillhouse.com/,,false,$$,active,,,,,,newBusinessData.xlsx,bo-vine-wine-grill,false,,,,food-drink,food and drink,,,Restaurants,restaurants,false,false,,,,,false,,,
